cluster,count,acousticness,danceability,energy,instrumentalness,loudness,speechiness,tempo,valence
0,31887,0.6832677871176341,0.45275146925079185,0.32538095913695236,0.2502627201213661,-14.345836641891681,0.11326408254147459,77.16050911029573,0.40761930486091513
1,45706,0.4658777459442961,0.6012245875814991,0.5135031699339255,0.1516613587078283,-10.8943051459327,0.08283243556644641,120.53740686124361,0.5770396595632958
2,42639,0.47542705174699224,0.5749235089941134,0.5045820344051221,0.14083209595042098,-11.01015340416051,0.09134891062173127,98.65218382232229,0.5459088951429443
3,18725,0.41366284770894524,0.4516804646194927,0.561672032918558,0.12539193677222965,-10.07361041388518,0.11664361014686249,175.73945431241657,0.5702368293724966
4,30952,0.4104146551728483,0.5346388924786767,0.5537150903334195,0.1373001059928276,-10.28829784828121,0.08091496187645386,142.27413621090722,0.5518586222861205
